{"id":"Gatewatcher Alert Incident","version":-1,"vcShouldIgnore":false,"locked":false,"name":"Gatewatcher Alert Incident","prevName":"Gatewatcher Alert Incident","color":"#ff1435","hours":0,"days":0,"weeks":0,"hoursR":0,"daysR":0,"weeksR":0,"system":false,"readonly":false,"default":false,"autorun":false,"disabled":false,"reputationCalc":0,"onChangeRepAlg":0,"layout":"Gatewatcher Alert Incident Layout","detached":false,"extractSettings":{"mode":"All","fieldCliNameToExtractSettings":{}},"fromVersion":"6.5.0"}