{"id":"incident_gatewatchermaliciouspowershellprobaobfuscated","version":-1,"modified":"2024-11-28T15:55:05.921788968+01:00","name":"Gatewatcher AionIQ Malicious Powershell Detect probability of obfuscation","ownerOnly":false,"cliName":"gatewatchermaliciouspowershellprobaobfuscated","type":"number","closeForm":true,"editForm":true,"required":false,"neverSetAsRequired":false,"isReadOnly":false,"useAsKpi":false,"locked":false,"system":false,"content":true,"group":0,"hidden":false,"openEnded":false,"associatedTypes":["Gatewatcher Incident","Gatewatcher Alert Incident"],"associatedToAll":false,"unmapped":false,"unsearchable":true,"caseInsensitive":true,"sla":0,"threshold":72,"fromVersion":"6.5.0"}