{"id":"incident_gatewatchermalcoretotalfound","version":-1,"modified":"2024-11-28T15:49:44.918035523+01:00","name":"Gatewatcher AionIQ Malcore ratio of engines on alert","ownerOnly":false,"cliName":"gatewatchermalcoretotalfound","type":"shortText","closeForm":true,"editForm":true,"required":false,"neverSetAsRequired":false,"isReadOnly":false,"useAsKpi":false,"locked":false,"system":false,"content":true,"group":0,"hidden":false,"openEnded":false,"associatedTypes":["Gatewatcher Incident","Gatewatcher Alert Incident"],"associatedToAll":false,"unmapped":false,"unsearchable":true,"caseInsensitive":true,"sla":0,"threshold":72,"fromVersion":"6.5.0"}