{"id":"incident_gatewatcherhttplastmodified","version":-1,"modified":"2024-11-29T09:59:21.596626083+01:00","name":"Gatewatcher AionIQ HTTP last modified","ownerOnly":false,"cliName":"gatewatcherhttplastmodified","type":"date","closeForm":true,"editForm":true,"required":false,"neverSetAsRequired":false,"isReadOnly":false,"useAsKpi":false,"locked":false,"system":false,"content":true,"group":0,"hidden":false,"openEnded":false,"associatedTypes":["Gatewatcher Incident","Gatewatcher Alert Incident"],"associatedToAll":false,"unmapped":false,"unsearchable":true,"caseInsensitive":true,"sla":0,"threshold":72,"fromVersion":"6.5.0"}