{"id":"incident_gatewatcheriocfamilies","version":-1,"modified":"2024-12-04T15:43:01.560256511+01:00","name":"Gatewatcher AionIQ Active CTI ioc families","ownerOnly":false,"cliName":"gatewatcheriocfamilies","type":"multiSelect","closeForm":true,"editForm":true,"required":false,"neverSetAsRequired":false,"isReadOnly":false,"useAsKpi":false,"locked":false,"system":false,"content":true,"group":0,"hidden":false,"openEnded":false,"associatedTypes":["Gatewatcher Incident","Gatewatcher Alert Incident"],"associatedToAll":false,"unmapped":false,"unsearchable":true,"caseInsensitive":true,"sla":0,"threshold":72,"fromVersion":"6.5.0"}