{"id":"incident_gatewatcherhttp2url","version":-1,"modified":"2024-11-29T10:14:06.553340518+01:00","name":"Gatewatcher AionIQ HTTP2 URL","ownerOnly":false,"cliName":"gatewatcherhttp2url","type":"url","closeForm":true,"editForm":true,"required":false,"neverSetAsRequired":false,"isReadOnly":false,"useAsKpi":false,"locked":false,"system":false,"content":true,"group":0,"hidden":false,"openEnded":false,"associatedTypes":["Gatewatcher Incident","Gatewatcher Alert Incident"],"associatedToAll":false,"unmapped":false,"unsearchable":true,"caseInsensitive":true,"sla":0,"threshold":72,"fromVersion":"6.5.0"}