{"id":"incident_gatewatchersmbstatuscode","version":-1,"modified":"2024-12-03T17:53:12.930341594+01:00","name":"Gatewatcher AionIQ SMB exchange status code","ownerOnly":false,"cliName":"gatewatchersmbstatuscode","type":"shortText","closeForm":true,"editForm":true,"required":false,"neverSetAsRequired":false,"isReadOnly":false,"useAsKpi":false,"locked":false,"system":false,"content":true,"group":0,"hidden":false,"openEnded":false,"associatedTypes":["Gatewatcher Incident","Gatewatcher Alert Incident"],"associatedToAll":false,"unmapped":false,"unsearchable":true,"caseInsensitive":true,"sla":0,"threshold":72,"fromVersion":"6.5.0"}