{"id":"incident_gatewatcherdgatopdga","version":-1,"modified":"2024-11-28T16:25:41.185084545+01:00","name":"Gatewatcher AionIQ DGA Detect top 10 domains","ownerOnly":false,"cliName":"gatewatcherdgatopdga","type":"multiSelect","closeForm":true,"editForm":true,"required":false,"neverSetAsRequired":false,"isReadOnly":false,"useAsKpi":false,"locked":false,"system":false,"content":true,"group":0,"hidden":false,"openEnded":false,"associatedTypes":["Gatewatcher Incident","Gatewatcher Alert Incident"],"associatedToAll":false,"unmapped":false,"unsearchable":true,"caseInsensitive":true,"sla":0,"threshold":72,"fromVersion":"6.5.0"}