{"id":"incident_gatewatchersmbdialect","version":-1,"modified":"2024-12-03T17:51:43.128173027+01:00","name":"Gatewatcher AionIQ SMB protocol version","ownerOnly":false,"cliName":"gatewatchersmbdialect","type":"shortText","closeForm":true,"editForm":true,"required":false,"neverSetAsRequired":false,"isReadOnly":false,"useAsKpi":false,"locked":false,"system":false,"content":true,"group":0,"hidden":false,"openEnded":false,"associatedTypes":["Gatewatcher Incident","Gatewatcher Alert Incident"],"associatedToAll":false,"unmapped":false,"unsearchable":true,"caseInsensitive":true,"sla":0,"threshold":72,"fromVersion":"6.5.0"}