{"id":"incident_gatewatchertlsja3","version":-1,"modified":"2024-12-03T17:36:06.103456454+01:00","name":"Gatewatcher AionIQ TLS JA3 fingerprint","ownerOnly":false,"cliName":"gatewatchertlsja3","type":"shortText","closeForm":true,"editForm":true,"required":false,"neverSetAsRequired":false,"isReadOnly":false,"useAsKpi":false,"locked":false,"system":false,"content":true,"group":0,"hidden":false,"openEnded":false,"associatedTypes":["Gatewatcher Incident","Gatewatcher Alert Incident"],"associatedToAll":false,"unmapped":false,"unsearchable":true,"caseInsensitive":true,"sla":0,"threshold":72,"fromVersion":"6.5.0"}