{"id":"incident_gatewatcherikev2initspi","version":-1,"modified":"2024-12-04T14:06:51.496545805+01:00","name":"Gatewatcher AionIQ IKEV2 initial Security Parameter Indexes","ownerOnly":false,"cliName":"gatewatcherikev2initspi","type":"shortText","closeForm":true,"editForm":true,"required":false,"neverSetAsRequired":false,"isReadOnly":false,"useAsKpi":false,"locked":false,"system":false,"content":true,"group":0,"hidden":false,"openEnded":false,"associatedTypes":["Gatewatcher Incident","Gatewatcher Alert Incident"],"associatedToAll":false,"unmapped":false,"unsearchable":true,"caseInsensitive":true,"sla":0,"threshold":72,"fromVersion":"6.5.0"}