{"id":"incident_gatewatchersnmpcomm","version":-1,"modified":"2024-12-04T11:19:39.311327334+01:00","name":"Gatewatcher AionIQ SNMP commnunity","ownerOnly":false,"cliName":"gatewatchersnmpcomm","type":"shortText","closeForm":true,"editForm":true,"required":false,"neverSetAsRequired":false,"isReadOnly":false,"useAsKpi":false,"locked":false,"system":false,"content":true,"group":0,"hidden":false,"openEnded":false,"associatedTypes":["Gatewatcher Incident","Gatewatcher Alert Incident"],"associatedToAll":false,"unmapped":false,"unsearchable":true,"caseInsensitive":true,"sla":0,"threshold":72,"fromVersion":"6.5.0"}