{"id":"incident_gatewatcherikev2algperf","version":-1,"modified":"2024-12-04T14:06:03.351723463+01:00","name":"Gatewatcher AionIQ IKEV2 preferred algorithm","ownerOnly":false,"cliName":"gatewatcherikev2algperf","type":"shortText","closeForm":true,"editForm":true,"required":false,"neverSetAsRequired":false,"isReadOnly":false,"useAsKpi":false,"locked":false,"system":false,"content":true,"group":0,"hidden":false,"openEnded":false,"associatedTypes":["Gatewatcher Incident","Gatewatcher Alert Incident"],"associatedToAll":false,"unmapped":false,"unsearchable":true,"caseInsensitive":true,"sla":0,"threshold":72,"fromVersion":"6.5.0"}