{"id":"incident_gatewatcherftpdynamicport","version":-1,"modified":"2024-12-03T18:04:46.22889086+01:00","name":"Gatewatcher AionIQ FTP dynamic port","ownerOnly":false,"cliName":"gatewatcherftpdynamicport","type":"number","closeForm":true,"editForm":true,"required":false,"neverSetAsRequired":false,"isReadOnly":false,"useAsKpi":false,"locked":false,"system":false,"content":true,"group":0,"hidden":false,"openEnded":false,"associatedTypes":["Gatewatcher Incident","Gatewatcher Alert Incident"],"associatedToAll":false,"unmapped":false,"unsearchable":true,"caseInsensitive":true,"sla":0,"threshold":72,"fromVersion":"6.5.0"}