{"id":"incident_gatewatcherbeaconpossiblecnc","version":-1,"modified":"2024-11-28T16:41:02.210218222+01:00","name":"Gatewatcher AionIQ Beacon Detect possible cnc","ownerOnly":false,"cliName":"gatewatcherbeaconpossiblecnc","type":"shortText","closeForm":true,"editForm":true,"required":false,"neverSetAsRequired":false,"isReadOnly":false,"useAsKpi":false,"locked":false,"system":false,"content":true,"group":0,"hidden":false,"openEnded":false,"associatedTypes":["Gatewatcher Incident","Gatewatcher Alert Incident"],"associatedToAll":false,"unmapped":false,"unsearchable":true,"caseInsensitive":true,"sla":0,"threshold":72,"fromVersion":"6.5.0"}