{"id":"incident_gatewatchernfsid","version":-1,"modified":"2024-12-03T17:57:59.705743586+01:00","name":"Gatewatcher AionIQ NFS id","ownerOnly":false,"cliName":"gatewatchernfsid","type":"number","closeForm":true,"editForm":true,"required":false,"neverSetAsRequired":false,"isReadOnly":false,"useAsKpi":false,"locked":false,"system":false,"content":true,"group":0,"hidden":false,"openEnded":false,"associatedTypes":["Gatewatcher Incident","Gatewatcher Alert Incident"],"associatedToAll":false,"unmapped":false,"unsearchable":true,"caseInsensitive":true,"sla":0,"threshold":72,"fromVersion":"6.5.0"}