{
    "author": "Gatewatcher",
    "authorImage": "content/packs/Gatewatcher-AionIQ/Author_image.png",
    "categories": [
        "Network Security"
    ],
    "certification": "certified",
    "commit": "",
    "contentCommitHash": "",
    "contentDisplays": {
        "automation": "Automation",
        "classifier": "Classifiers",
        "incidentfield": "Incident Fields",
        "incidenttype": "Incident Types",
        "integration": "Integrations",
        "layoutscontainer": "Layouts Containers",
        "playbook": "Playbook"
    },
    "contentItems": {
        "automation": [
            {
                "deprecated": false,
                "description": "",
                "fromversion": "6.5.0",
                "id": "GatewatcherAlertEngine",
                "name": "GatewatcherAlertEngine",
                "tags": [
                    "dynamic-section"
                ],
                "toversion": ""
            }
        ],
        "classifier": [
            {
                "deprecated": false,
                "description": "",
                "fromversion": "6.5.0",
                "id": "Gatewatcher Incidents Classifier",
                "name": "Gatewatcher Incidents Classifier",
                "toversion": ""
            },
            {
                "deprecated": false,
                "description": "",
                "fromversion": "6.5.0",
                "id": "Gatewatcher Mapper Incoming",
                "name": "Gatewatcher Mapper Incoming",
                "toversion": ""
            }
        ],
        "incidentfield": [
            {
                "deprecated": false,
                "description": "",
                "fromversion": "6.5.0",
                "id": "incident_gatewatcheriocsignature",
                "name": "Gatewatcher AionIQ Active CTI ioc signature",
                "toversion": "",
                "type": "shortText"
            },
            {
                "deprecated": false,
                "description": "",
                "fromversion": "6.5.0",
                "id": "incident_gatewatcheriockillchainphases",
                "name": "Gatewatcher AionIQ Active CTI ioc kill chain phases",
                "toversion": "",
                "type": "multiSelect"
            },
            {
                "deprecated": false,
                "description": "",
                "fromversion": "6.5.0",
                "id": "incident_gatewatchersnmpvars",
                "name": "Gatewatcher AionIQ SNMP variables",
                "toversion": "",
                "type": "multiSelect"
            },
            {
                "deprecated": false,
                "description": "",
                "fromversion": "6.5.0",
                "id": "incident_gatewatcherkrbmsgtype",
                "name": "Gatewatcher AionIQ Kerberos message type",
                "toversion": "",
                "type": "shortText"
            },
            {
                "deprecated": false,
                "description": "",
                "fromversion": "6.5.0",
                "id": "incident_gatewatchertlsversion",
                "name": "Gatewatcher AionIQ TLS protocol version",
                "toversion": "",
                "type": "shortText"
            },
            {
                "deprecated": false,
                "description": "",
                "fromversion": "6.5.0",
                "id": "incident_gatewatchersipresponseline",
                "name": "Gatewatcher AionIQ SIP response text",
                "toversion": "",
                "type": "shortText"
            },
            {
                "deprecated": false,
                "description": "",
                "fromversion": "6.5.0",
                "id": "incident_gatewatchersnmpversion",
                "name": "Gatewatcher AionIQ SNMP version",
                "toversion": "",
                "type": "number"
            },
            {
                "deprecated": false,
                "description": "",
                "fromversion": "6.5.0",
                "id": "incident_gatewatcherioccaseid",
                "name": "Gatewatcher AionIQ Active CTI case identifier",
                "toversion": "",
                "type": "shortText"
            },
            {
                "deprecated": false,
                "description": "",
                "fromversion": "6.5.0",
                "id": "incident_gatewatchersmbcommand",
                "name": "Gatewatcher AionIQ SMB command",
                "toversion": "",
                "type": "shortText"
            },
            {
                "deprecated": false,
                "description": "",
                "fromversion": "6.5.0",
                "id": "incident_gatewatcheriocexternallinks",
                "name": "Gatewatcher AionIQ Active CTI ioc external links",
                "toversion": "",
                "type": "multiSelect"
            },
            {
                "deprecated": false,
                "description": "",
                "fromversion": "6.5.0",
                "id": "incident_gatewatchernbasignature",
                "name": "Gatewatcher AionIQ Network Behavior Analytics signature",
                "toversion": "",
                "type": "shortText"
            },
            {
                "deprecated": false,
                "description": "",
                "fromversion": "6.5.0",
                "id": "incident_gatewatcherkrbweakencryption",
                "name": "Gatewatcher AionIQ Kerberos weak encryption",
                "toversion": "",
                "type": "boolean"
            },
            {
                "deprecated": false,
                "description": "",
                "fromversion": "6.5.0",
                "id": "incident_gatewatcherikev2algperf",
                "name": "Gatewatcher AionIQ IKEV2 preferred algorithm",
                "toversion": "",
                "type": "shortText"
            },
            {
                "deprecated": false,
                "description": "",
                "fromversion": "6.5.0",
                "id": "incident_gatewatcherhttp2status",
                "name": "Gatewatcher AionIQ HTTP2 response code",
                "toversion": "",
                "type": "number"
            },
            {
                "deprecated": false,
                "description": "",
                "fromversion": "6.5.0",
                "id": "incident_gatewatcherioccampaigns",
                "name": "Gatewatcher AionIQ Active CTI ioc campaigns",
                "toversion": "",
                "type": "multiSelect"
            },
            {
                "deprecated": false,
                "description": "",
                "fromversion": "6.5.0",
                "id": "incident_gatewatcherioctargetedsectors",
                "name": "Gatewatcher AionIQ Active CTI ioc targeted sectors",
                "toversion": "",
                "type": "multiSelect"
            },
            {
                "deprecated": false,
                "description": "",
                "fromversion": "6.5.0",
                "id": "incident_gatewatchernfsstatus",
                "name": "Gatewatcher AionIQ NFS status",
                "toversion": "",
                "type": "shortText"
            },
            {
                "deprecated": false,
                "description": "",
                "fromversion": "6.5.0",
                "id": "incident_gatewatchershellcodeencodings",
                "name": "Gatewatcher AionIQ Shellcode Detect detected encodings",
                "toversion": "",
                "type": "multiSelect"
            },
            {
                "deprecated": false,
                "description": "",
                "fromversion": "6.5.0",
                "id": "incident_gatewatcherdnp3application",
                "name": "Gatewatcher AionIQ DNP3 application",
                "toversion": "",
                "type": "shortText"
            },
            {
                "deprecated": false,
                "description": "",
                "fromversion": "6.5.0",
                "id": "incident_gatewatcherbeaconsessioncount",
                "name": "Gatewatcher AionIQ Beacon Detect session count",
                "toversion": "",
                "type": "number"
            },
            {
                "deprecated": false,
                "description": "",
                "fromversion": "6.5.0",
                "id": "incident_gatewatcherioctargetedorganizations",
                "name": "Gatewatcher AionIQ Active CTI ioc targeted organizations",
                "toversion": "",
                "type": "multiSelect"
            },
            {
                "deprecated": false,
                "description": "",
                "fromversion": "6.5.0",
                "id": "incident_gatewatcherhttpresponsestatus",
                "name": "Gatewatcher AionIQ HTTP response code",
                "toversion": "",
                "type": "number"
            },
            {
                "deprecated": false,
                "description": "",
                "fromversion": "6.5.0",
                "id": "incident_gatewatchertlsja3s",
                "name": "Gatewatcher AionIQ TLS JA3S fingerprint",
                "toversion": "",
                "type": "shortText"
            },
            {
                "deprecated": false,
                "description": "",
                "fromversion": "6.5.0",
                "id": "incident_gatewatchersmtphelo",
                "name": "Gatewatcher AionIQ SMTP helo",
                "toversion": "",
                "type": "url"
            },
            {
                "deprecated": false,
                "description": "",
                "fromversion": "6.5.0",
                "id": "incident_gatewatcherhttp2http2",
                "name": "Gatewatcher AionIQ HTTP2 http2 details",
                "toversion": "",
                "type": "shortText"
            },
            {
                "deprecated": false,
                "description": "",
                "fromversion": "6.5.0",
                "id": "incident_gatewatcheriocvulnerabilities",
                "name": "Gatewatcher AionIQ Active CTI ioc vulnerabilities",
                "toversion": "",
                "type": "multiSelect"
            },
            {
                "deprecated": false,
                "description": "",
                "fromversion": "6.5.0",
                "id": "incident_gatewatcherikev2algauth",
                "name": "Gatewatcher AionIQ IKEV2 authentication algorithm",
                "toversion": "",
                "type": "shortText"
            },
            {
                "deprecated": false,
                "description": "",
                "fromversion": "6.5.0",
                "id": "incident_gatewatchertlsserial",
                "name": "Gatewatcher AionIQ TLS serial",
                "toversion": "",
                "type": "shortText"
            },
            {
                "deprecated": false,
                "description": "",
                "fromversion": "6.5.0",
                "id": "incident_gatewatchershellcodesubtype",
                "name": "Gatewatcher AionIQ Shellcode Detect type",
                "toversion": "",
                "type": "shortText"
            },
            {
                "deprecated": false,
                "description": "",
                "fromversion": "6.5.0",
                "id": "incident_gatewatchernbaaction",
                "name": "Gatewatcher AionIQ Network Behavior Analytics action policy",
                "toversion": "",
                "type": "shortText"
            },
            {
                "deprecated": false,
                "description": "",
                "fromversion": "6.5.0",
                "id": "incident_gatewatcherikev2algenc",
                "name": "Gatewatcher AionIQ IKEV2 encryption algorithm",
                "toversion": "",
                "type": "shortText"
            },
            {
                "deprecated": false,
                "description": "",
                "fromversion": "6.5.0",
                "id": "incident_gatewatcherioctype",
                "name": "Gatewatcher AionIQ Active CTI ioc type",
                "toversion": "",
                "type": "shortText"
            },
            {
                "deprecated": false,
                "description": "",
                "fromversion": "6.5.0",
                "id": "incident_gatewatchernfsfiletx",
                "name": "Gatewatcher AionIQ NFS file transmission",
                "toversion": "",
                "type": "boolean"
            },
            {
                "deprecated": false,
                "description": "",
                "fromversion": "6.5.0",
                "id": "incident_gatewatcheriocupdateddate",
                "name": "Gatewatcher AionIQ Active CTI ioc updated date",
                "toversion": "",
                "type": "date"
            },
            {
                "deprecated": false,
                "description": "",
                "fromversion": "6.5.0",
                "id": "incident_gatewatchersnmppdutype",
                "name": "Gatewatcher AionIQ SNMP PDU type",
                "toversion": "",
                "type": "shortText"
            },
            {
                "deprecated": false,
                "description": "",
                "fromversion": "6.5.0",
                "id": "incident_gatewatcherdganxdomaincount",
                "name": "Gatewatcher AionIQ DGA Detect number of NX domains",
                "toversion": "",
                "type": "number"
            },
            {
                "deprecated": false,
                "description": "",
                "fromversion": "6.5.0",
                "id": "incident_gatewatchersmbdialect",
                "name": "Gatewatcher AionIQ SMB protocol version",
                "toversion": "",
                "type": "shortText"
            },
            {
                "deprecated": false,
                "description": "",
                "fromversion": "6.5.0",
                "id": "incident_gatewatchergcapinterface",
                "name": "Gatewatcher AionIQ GCap network interface",
                "toversion": "",
                "type": "shortText"
            },
            {
                "deprecated": false,
                "description": "",
                "fromversion": "6.5.0",
                "id": "incident_gatewatcherhttp2version",
                "name": "Gatewatcher AionIQ HTTP2 version",
                "toversion": "",
                "type": "number"
            },
            {
                "deprecated": false,
                "description": "",
                "fromversion": "6.5.0",
                "id": "incident_gatewatchergcap",
                "name": "Gatewatcher AionIQ GCap",
                "toversion": "",
                "type": "shortText"
            },
            {
                "deprecated": false,
                "description": "",
                "fromversion": "6.5.0",
                "id": "incident_gatewatcherdhcprelayip",
                "name": "Gatewatcher AionIQ DHCP relay IP",
                "toversion": "",
                "type": "shortText"
            },
            {
                "deprecated": false,
                "description": "",
                "fromversion": "6.5.0",
                "id": "incident_gatewatcheriocfamilies",
                "name": "Gatewatcher AionIQ Active CTI ioc families",
                "toversion": "",
                "type": "multiSelect"
            },
            {
                "deprecated": false,
                "description": "",
                "fromversion": "6.5.0",
                "id": "incident_gatewatcherdnsanswers",
                "name": "Gatewatcher AionIQ DNS answers",
                "toversion": "",
                "type": "shortText"
            },
            {
                "deprecated": false,
                "description": "",
                "fromversion": "6.5.0",
                "id": "incident_gatewatcheriocusagemode",
                "name": "Gatewatcher AionIQ Active CTI ioc usage mode",
                "toversion": "",
                "type": "shortText"
            },
            {
                "deprecated": false,
                "description": "",
                "fromversion": "6.5.0",
                "id": "incident_gatewatcherbeaconhostnameresolution",
                "name": "Gatewatcher AionIQ Beacon Detect hostname resolution",
                "toversion": "",
                "type": "shortText"
            },
            {
                "deprecated": false,
                "description": "",
                "fromversion": "6.5.0",
                "id": "incident_gatewatchernbametadata",
                "name": "Gatewatcher AionIQ Network Behavior Analytics metadata",
                "toversion": "",
                "type": "shortText"
            },
            {
                "deprecated": false,
                "description": "",
                "fromversion": "6.5.0",
                "id": "incident_gatewatchereventmodule",
                "name": "Gatewatcher AionIQ event module",
                "toversion": "",
                "type": "shortText"
            },
            {
                "deprecated": false,
                "description": "",
                "fromversion": "6.5.0",
                "id": "incident_gatewatchersipversion",
                "name": "Gatewatcher AionIQ SIP protocol version",
                "toversion": "",
                "type": "shortText"
            },
            {
                "deprecated": false,
                "description": "",
                "fromversion": "6.5.0",
                "id": "incident_gatewatcherikev2versionminor",
                "name": "Gatewatcher AionIQ IKEV2 version minor",
                "toversion": "",
                "type": "number"
            },
            {
                "deprecated": false,
                "description": "",
                "fromversion": "6.5.0",
                "id": "incident_gatewatchernbarev",
                "name": "Gatewatcher AionIQ Network Behavior Analytics revision",
                "toversion": "",
                "type": "number"
            },
            {
                "deprecated": false,
                "description": "",
                "fromversion": "6.5.0",
                "id": "incident_gatewatchertftpfile",
                "name": "Gatewatcher AionIQ TFTP filename",
                "toversion": "",
                "type": "shortText"
            },
            {
                "deprecated": false,
                "description": "",
                "fromversion": "6.5.0",
                "id": "incident_gatewatcherflowid",
                "name": "Gatewatcher AionIQ network flow id",
                "toversion": "",
                "type": "number"
            },
            {
                "deprecated": false,
                "description": "",
                "fromversion": "6.5.0",
                "id": "incident_gatewatcherioctlp",
                "name": "Gatewatcher AionIQ Active CTI ioc color based level",
                "toversion": "",
                "type": "shortText"
            },
            {
                "deprecated": false,
                "description": "",
                "fromversion": "6.5.0",
                "id": "incident_gatewatcherdhcptype",
                "name": "Gatewatcher AionIQ DHCP request type",
                "toversion": "",
                "type": "shortText"
            },
            {
                "deprecated": false,
                "description": "",
                "fromversion": "6.5.0",
                "id": "incident_gatewatchernbastream",
                "name": "Gatewatcher AionIQ Network Behavior Analytics stream",
                "toversion": "",
                "type": "number"
            },
            {
                "deprecated": false,
                "description": "",
                "fromversion": "6.5.0",
                "id": "incident_gatewatcherfilemagic",
                "name": "Gatewatcher AionIQ file magic",
                "toversion": "",
                "type": "shortText"
            },
            {
                "deprecated": false,
                "description": "",
                "fromversion": "6.5.0",
                "id": "incident_gatewatchermalcoredetailthreatfound",
                "name": "Gatewatcher AionIQ Malcore threat details",
                "toversion": "",
                "type": "shortText"
            },
            {
                "deprecated": false,
                "description": "",
                "fromversion": "6.5.0",
                "id": "incident_gatewatcherdcerpcreq",
                "name": "Gatewatcher AionIQ DCE RPC request details",
                "toversion": "",
                "type": "shortText"
            },
            {
                "deprecated": false,
                "description": "",
                "fromversion": "6.5.0",
                "id": "incident_gatewatcherhttp2length",
                "name": "Gatewatcher AionIQ HTTP2 exchange length",
                "toversion": "",
                "type": "number"
            },
            {
                "deprecated": false,
                "description": "",
                "fromversion": "6.5.0",
                "id": "incident_gatewatcherdhcpsubnetmask",
                "name": "Gatewatcher AionIQ DHCP subnet mask",
                "toversion": "",
                "type": "shortText"
            },
            {
                "deprecated": false,
                "description": "",
                "fromversion": "6.5.0",
                "id": "incident_gatewatchersmbtreeid",
                "name": "Gatewatcher AionIQ SMB tree id",
                "toversion": "",
                "type": "number"
            },
            {
                "deprecated": false,
                "description": "",
                "fromversion": "6.5.0",
                "id": "incident_gatewatcherbeaconpossiblecnc",
                "name": "Gatewatcher AionIQ Beacon Detect possible cnc",
                "toversion": "",
                "type": "shortText"
            },
            {
                "deprecated": false,
                "description": "",
                "fromversion": "6.5.0",
                "id": "incident_gatewatcherhttprequestmethod",
                "name": "Gatewatcher AionIQ HTTP request method",
                "toversion": "",
                "type": "shortText"
            },
            {
                "deprecated": false,
                "description": "",
                "fromversion": "6.5.0",
                "id": "incident_gatewatchersmtpmailfrom",
                "name": "Gatewatcher AionIQ SMTP mail from",
                "toversion": "",
                "type": "shortText"
            },
            {
                "deprecated": false,
                "description": "",
                "fromversion": "6.5.0",
                "id": "incident_gatewatchermalcoretotalfound",
                "name": "Gatewatcher AionIQ Malcore ratio of engines on alert",
                "toversion": "",
                "type": "shortText"
            },
            {
                "deprecated": false,
                "description": "",
                "fromversion": "6.5.0",
                "id": "incident_gatewatcherdcerpcrequest",
                "name": "Gatewatcher AionIQ DCE RPC request type",
                "toversion": "",
                "type": "shortText"
            },
            {
                "deprecated": false,
                "description": "",
                "fromversion": "6.5.0",
                "id": "incident_gatewatcherikev2payload",
                "name": "Gatewatcher AionIQ IKEV2 payload",
                "toversion": "",
                "type": "multiSelect"
            },
            {
                "deprecated": false,
                "description": "",
                "fromversion": "6.5.0",
                "id": "incident_gatewatcherikev2role",
                "name": "Gatewatcher AionIQ IKEV2 role",
                "toversion": "",
                "type": "shortText"
            },
            {
                "deprecated": false,
                "description": "",
                "fromversion": "6.5.0",
                "id": "incident_gatewatcherioccategories",
                "name": "Gatewatcher AionIQ Active CTI ioc categories",
                "toversion": "",
                "type": "multiSelect"
            },
            {
                "deprecated": false,
                "description": "",
                "fromversion": "6.5.0",
                "id": "incident_gatewatchersigflowaction",
                "name": "Gatewatcher AionIQ Sigflow action policy",
                "toversion": "",
                "type": "shortText"
            },
            {
                "deprecated": false,
                "description": "",
                "fromversion": "6.5.0",
                "id": "incident_gatewatchermqttconnack",
                "name": "Gatewatcher AionIQ MQTT CONNACK",
                "toversion": "",
                "type": "shortText"
            },
            {
                "deprecated": false,
                "description": "",
                "fromversion": "6.5.0",
                "id": "incident_gatewatchernfstype",
                "name": "Gatewatcher AionIQ NFS exchange type",
                "toversion": "",
                "type": "shortText"
            },
            {
                "deprecated": false,
                "description": "",
                "fromversion": "6.5.0",
                "id": "incident_gatewatcherikev2respspi",
                "name": "Gatewatcher AionIQ IKEV2 responder Security Parameter Indexes",
                "toversion": "",
                "type": "shortText"
            },
            {
                "deprecated": false,
                "description": "",
                "fromversion": "6.5.0",
                "id": "incident_gatewatcherikev2initspi",
                "name": "Gatewatcher AionIQ IKEV2 initial Security Parameter Indexes",
                "toversion": "",
                "type": "shortText"
            },
            {
                "deprecated": false,
                "description": "",
                "fromversion": "6.5.0",
                "id": "incident_gatewatcherdnp3control",
                "name": "Gatewatcher AionIQ DNP3 control",
                "toversion": "",
                "type": "shortText"
            },
            {
                "deprecated": false,
                "description": "",
                "fromversion": "6.5.0",
                "id": "incident_gatewatcheriocthreatactor",
                "name": "Gatewatcher AionIQ Active CTI ioc threat actors",
                "toversion": "",
                "type": "multiSelect"
            },
            {
                "deprecated": false,
                "description": "",
                "fromversion": "6.5.0",
                "id": "incident_gatewatchertftppacket",
                "name": "Gatewatcher AionIQ TFTP packet",
                "toversion": "",
                "type": "shortText"
            },
            {
                "deprecated": false,
                "description": "",
                "fromversion": "6.5.0",
                "id": "incident_gatewatcherdnsauthorities",
                "name": "Gatewatcher AionIQ DNS authorities",
                "toversion": "",
                "type": "multiSelect"
            },
            {
                "deprecated": false,
                "description": "",
                "fromversion": "6.5.0",
                "id": "incident_gatewatcherkrbsname",
                "name": "Gatewatcher AionIQ Kerberos service name",
                "toversion": "",
                "type": "shortText"
            },
            {
                "deprecated": false,
                "description": "",
                "fromversion": "6.5.0",
                "id": "incident_gatewatcheriocdescription",
                "name": "Gatewatcher AionIQ Active CTI ioc description",
                "toversion": "",
                "type": "shortText"
            },
            {
                "deprecated": false,
                "description": "",
                "fromversion": "6.5.0",
                "id": "incident_gatewatcherrfbauthentication",
                "name": "Gatewatcher AionIQ RFB authentication details",
                "toversion": "",
                "type": "shortText"
            },
            {
                "deprecated": false,
                "description": "",
                "fromversion": "6.5.0",
                "id": "incident_gatewatcherhttp2requestheaders",
                "name": "Gatewatcher AionIQ HTTP2 request headers",
                "toversion": "",
                "type": "multiSelect"
            },
            {
                "deprecated": false,
                "description": "",
                "fromversion": "6.5.0",
                "id": "incident_gatewatchermaliciouspowershellscore",
                "name": "Gatewatcher AionIQ Malicious Powershell Detect characters score",
                "toversion": "",
                "type": "number"
            },
            {
                "deprecated": false,
                "description": "",
                "fromversion": "6.5.0",
                "id": "incident_gatewatcherrfbserversecurityfailurereason",
                "name": "Gatewatcher AionIQ RFB server security failure reason",
                "toversion": "",
                "type": "shortText"
            },
            {
                "deprecated": false,
                "description": "",
                "fromversion": "6.5.0",
                "id": "incident_gatewatchersmbshare",
                "name": "Gatewatcher AionIQ SMB share",
                "toversion": "",
                "type": "shortText"
            },
            {
                "deprecated": false,
                "description": "",
                "fromversion": "6.5.0",
                "id": "incident_gatewatchersipcode",
                "name": "Gatewatcher AionIQ SIP code",
                "toversion": "",
                "type": "number"
            },
            {
                "deprecated": false,
                "description": "",
                "fromversion": "6.5.0",
                "id": "incident_gatewatcherdhcpid",
                "name": "Gatewatcher AionIQ DHCP id",
                "toversion": "",
                "type": "number"
            },
            {
                "deprecated": false,
                "description": "",
                "fromversion": "6.5.0",
                "id": "incident_gatewatchernfsid",
                "name": "Gatewatcher AionIQ NFS id",
                "toversion": "",
                "type": "number"
            },
            {
                "deprecated": false,
                "description": "",
                "fromversion": "6.5.0",
                "id": "incident_gatewatchersmbfuid",
                "name": "Gatewatcher AionIQ SMB file UID",
                "toversion": "",
                "type": "number"
            },
            {
                "deprecated": false,
                "description": "",
                "fromversion": "6.5.0",
                "id": "incident_gatewatcherdnp3iin",
                "name": "Gatewatcher AionIQ DNP3 internal indication points",
                "toversion": "",
                "type": "shortText"
            },
            {
                "deprecated": false,
                "description": "",
                "fromversion": "6.5.0",
                "id": "incident_gatewatchersmtprcptto",
                "name": "Gatewatcher AionIQ SMTP recipients",
                "toversion": "",
                "type": "multiSelect"
            },
            {
                "deprecated": false,
                "description": "",
                "fromversion": "6.5.0",
                "id": "incident_gatewatchernbapacket",
                "name": "Gatewatcher AionIQ Network Behavior Analytics base64 packet",
                "toversion": "",
                "type": "shortText"
            },
            {
                "deprecated": false,
                "description": "",
                "fromversion": "6.5.0",
                "id": "incident_gatewatcherdgadgaratio",
                "name": "Gatewatcher AionIQ DGA Detect ratio of number and NX domains",
                "toversion": "",
                "type": "number"
            },
            {
                "deprecated": false,
                "description": "",
                "fromversion": "6.5.0",
                "id": "incident_gatewatchersigflowpayloadprintable",
                "name": "Gatewatcher AionIQ Sigflow payload readable",
                "toversion": "",
                "type": "shortText"
            },
            {
                "deprecated": false,
                "description": "",
                "fromversion": "6.5.0",
                "id": "incident_gatewatchernbapayload",
                "name": "Gatewatcher AionIQ Network Behavior Analytics base64 payload",
                "toversion": "",
                "type": "shortText"
            },
            {
                "deprecated": false,
                "description": "",
                "fromversion": "6.5.0",
                "id": "incident_gatewatcherhttpresponsemimetype",
                "name": "Gatewatcher AionIQ HTTP response MIME type",
                "toversion": "",
                "type": "shortText"
            },
            {
                "deprecated": false,
                "description": "",
                "fromversion": "6.5.0",
                "id": "incident_gatewatcherdgamalwarebehaviorconfidence",
                "name": "Gatewatcher AionIQ DGA Detect malware confidence percetage",
                "toversion": "",
                "type": "number"
            },
            {
                "deprecated": false,
                "description": "",
                "fromversion": "6.5.0",
                "id": "incident_gatewatcherftpreply",
                "name": "Gatewatcher AionIQ FTP reply",
                "toversion": "",
                "type": "shortText"
            },
            {
                "deprecated": false,
                "description": "",
                "fromversion": "6.5.0",
                "id": "incident_gatewatcherftpdynamicport",
                "name": "Gatewatcher AionIQ FTP dynamic port",
                "toversion": "",
                "type": "number"
            },
            {
                "deprecated": false,
                "description": "",
                "fromversion": "6.5.0",
                "id": "incident_gatewatcherioctargetedcountries",
                "name": "Gatewatcher AionIQ Active CTI ioc targeted countries",
                "toversion": "",
                "type": "multiSelect"
            },
            {
                "deprecated": false,
                "description": "",
                "fromversion": "6.5.0",
                "id": "incident_gatewatcherikev2algdh",
                "name": "Gatewatcher AionIQ IKEV2 algorithm Diffie Hellman group",
                "toversion": "",
                "type": "shortText"
            },
            {
                "deprecated": false,
                "description": "",
                "fromversion": "6.5.0",
                "id": "incident_gatewatcherdnp3dst",
                "name": "Gatewatcher AionIQ DNP3 destination",
                "toversion": "",
                "type": "number"
            },
            {
                "deprecated": false,
                "description": "",
                "fromversion": "6.5.0",
                "id": "incident_gatewatcherdgadgacount",
                "name": "Gatewatcher AionIQ DGA Detect number of dga",
                "toversion": "",
                "type": "number"
            },
            {
                "deprecated": false,
                "description": "",
                "fromversion": "6.5.0",
                "id": "incident_gatewatcherikev2notify",
                "name": "Gatewatcher AionIQ IKEV2 notify",
                "toversion": "",
                "type": "multiSelect"
            },
            {
                "deprecated": false,
                "description": "",
                "fromversion": "6.5.0",
                "id": "incident_gatewatchersigflowcategory",
                "name": "Gatewatcher AionIQ Sigflow alert description",
                "toversion": "",
                "type": "shortText"
            },
            {
                "deprecated": false,
                "description": "",
                "fromversion": "6.5.0",
                "id": "incident_gatewatcherrdptxid",
                "name": "Gatewatcher AionIQ RDP transmission id",
                "toversion": "",
                "type": "number"
            },
            {
                "deprecated": false,
                "description": "",
                "fromversion": "6.5.0",
                "id": "incident_gatewatchersshserver",
                "name": "Gatewatcher AionIQ SSH server details",
                "toversion": "",
                "type": "shortText"
            },
            {
                "deprecated": false,
                "description": "",
                "fromversion": "6.5.0",
                "id": "incident_gatewatcherftpcompletioncode",
                "name": "Gatewatcher AionIQ FTP completion codes",
                "toversion": "",
                "type": "multiSelect"
            },
            {
                "deprecated": false,
                "description": "",
                "fromversion": "6.5.0",
                "id": "incident_gatewatchersmbsessionid",
                "name": "Gatewatcher AionIQ SMB session id",
                "toversion": "",
                "type": "number"
            },
            {
                "deprecated": false,
                "description": "",
                "fromversion": "6.5.0",
                "id": "incident_gatewatcherkrbencryption",
                "name": "Gatewatcher AionIQ Kerberos encryption algorithm",
                "toversion": "",
                "type": "shortText"
            },
            {
                "deprecated": false,
                "description": "",
                "fromversion": "6.5.0",
                "id": "incident_gatewatcherkrbcname",
                "name": "Gatewatcher AionIQ Kerberos client name",
                "toversion": "",
                "type": "shortText"
            },
            {
                "deprecated": false,
                "description": "",
                "fromversion": "6.5.0",
                "id": "incident_gatewatcherrdpeventtype",
                "name": "Gatewatcher AionIQ RDP exchange type",
                "toversion": "",
                "type": "shortText"
            },
            {
                "deprecated": false,
                "description": "",
                "fromversion": "6.5.0",
                "id": "incident_gatewatcherhttp2httpuseragent",
                "name": "Gatewatcher AionIQ HTTP2 user agent",
                "toversion": "",
                "type": "shortText"
            },
            {
                "deprecated": false,
                "description": "",
                "fromversion": "6.5.0",
                "id": "incident_gatewatchersmbstatus",
                "name": "Gatewatcher AionIQ SMB exchange status",
                "toversion": "",
                "type": "shortText"
            },
            {
                "deprecated": false,
                "description": "",
                "fromversion": "6.5.0",
                "id": "incident_gatewatcherdnstype",
                "name": "Gatewatcher AionIQ DNS request type",
                "toversion": "",
                "type": "shortText"
            },
            {
                "deprecated": false,
                "description": "",
                "fromversion": "6.5.0",
                "id": "incident_gatewatcherkrbrealm",
                "name": "Gatewatcher AionIQ Kerberos realm",
                "toversion": "",
                "type": "url"
            },
            {
                "deprecated": false,
                "description": "",
                "fromversion": "6.5.0",
                "id": "incident_gatewatchersigflowpayload",
                "name": "Gatewatcher AionIQ Sigflow payload base64",
                "toversion": "",
                "type": "shortText"
            },
            {
                "deprecated": false,
                "description": "",
                "fromversion": "6.5.0",
                "id": "incident_gatewatcheriocrelations",
                "name": "Gatewatcher AionIQ Active CTI ioc relations",
                "toversion": "",
                "type": "multiSelect"
            },
            {
                "deprecated": false,
                "description": "",
                "fromversion": "6.5.0",
                "id": "incident_gatewatcherdhcpclientmac",
                "name": "Gatewatcher AionIQ DHCP client MAC",
                "toversion": "",
                "type": "shortText"
            },
            {
                "deprecated": false,
                "description": "",
                "fromversion": "6.5.0",
                "id": "incident_gatewatcherdgatopdga",
                "name": "Gatewatcher AionIQ DGA Detect top 10 domains",
                "toversion": "",
                "type": "multiSelect"
            },
            {
                "deprecated": false,
                "description": "",
                "fromversion": "6.5.0",
                "id": "incident_gatewatchersmbid",
                "name": "Gatewatcher AionIQ SMB id",
                "toversion": "",
                "type": "number"
            },
            {
                "deprecated": false,
                "description": "",
                "fromversion": "6.5.0",
                "id": "incident_gatewatchersipreason",
                "name": "Gatewatcher AionIQ SIP reason",
                "toversion": "",
                "type": "shortText"
            },
            {
                "deprecated": false,
                "description": "",
                "fromversion": "6.5.0",
                "id": "incident_gatewatcherdhcpassignedip",
                "name": "Gatewatcher AionIQ DHCP assigned IP",
                "toversion": "",
                "type": "shortText"
            },
            {
                "deprecated": false,
                "description": "",
                "fromversion": "6.5.0",
                "id": "incident_gatewatcherrawevent",
                "name": "Gatewatcher AionIQ Raw Event",
                "toversion": "",
                "type": "longText"
            },
            {
                "deprecated": false,
                "description": "",
                "fromversion": "6.5.0",
                "id": "incident_gatewatchernfshhash",
                "name": "Gatewatcher AionIQ NFS session hash",
                "toversion": "",
                "type": "shortText"
            },
            {
                "deprecated": false,
                "description": "",
                "fromversion": "6.5.0",
                "id": "incident_gatewatchermalcoremagicdetails",
                "name": "Gatewatcher AionIQ Malcore file magic",
                "toversion": "",
                "type": "shortText"
            },
            {
                "deprecated": false,
                "description": "",
                "fromversion": "6.5.0",
                "id": "incident_gatewatcherdnp3src",
                "name": "Gatewatcher AionIQ DNP3 source",
                "toversion": "",
                "type": "number"
            },
            {
                "deprecated": false,
                "description": "",
                "fromversion": "6.5.0",
                "id": "incident_gatewatcherrdpclient",
                "name": "Gatewatcher AionIQ RDP client info",
                "toversion": "",
                "type": "shortText"
            },
            {
                "deprecated": false,
                "description": "",
                "fromversion": "6.5.0",
                "id": "incident_gatewatchertlsserver",
                "name": "Gatewatcher AionIQ TLS server details",
                "toversion": "",
                "type": "shortText"
            },
            {
                "deprecated": false,
                "description": "",
                "fromversion": "6.5.0",
                "id": "incident_gatewatchernbapayloadprintable",
                "name": "Gatewatcher AionIQ Network Behavior Analytics readable payload",
                "toversion": "",
                "type": "shortText"
            },
            {
                "deprecated": false,
                "description": "",
                "fromversion": "6.5.0",
                "id": "incident_gatewatcherioctags",
                "name": "Gatewatcher AionIQ Active CTI ioc tags",
                "toversion": "",
                "type": "multiSelect"
            },
            {
                "deprecated": false,
                "description": "",
                "fromversion": "6.5.0",
                "id": "incident_gatewatcherbeaconmeantimeinterval",
                "name": "Gatewatcher AionIQ Beacon Detect mean time interval",
                "toversion": "",
                "type": "number"
            },
            {
                "deprecated": false,
                "description": "",
                "fromversion": "6.5.0",
                "id": "incident_gatewatcherhttpdate",
                "name": "Gatewatcher AionIQ HTTP date",
                "toversion": "",
                "type": "date"
            },
            {
                "deprecated": false,
                "description": "",
                "fromversion": "6.5.0",
                "id": "incident_gatewatchernbasignatureid",
                "name": "Gatewatcher AionIQ Network Behavior Analytics signature id",
                "toversion": "",
                "type": "number"
            },
            {
                "deprecated": false,
                "description": "",
                "fromversion": "6.5.0",
                "id": "incident_gatewatcherdhcphostname",
                "name": "Gatewatcher AionIQ DHCP hostname",
                "toversion": "",
                "type": "shortText"
            },
            {
                "deprecated": false,
                "description": "",
                "fromversion": "6.5.0",
                "id": "incident_gatewatchernetworktransport",
                "name": "Gatewatcher AionIQ Transport layer",
                "toversion": "",
                "type": "shortText"
            },
            {
                "deprecated": false,
                "description": "",
                "fromversion": "6.5.0",
                "id": "incident_gatewatchertftpmode",
                "name": "Gatewatcher AionIQ TFTP mode",
                "toversion": "",
                "type": "shortText"
            },
            {
                "deprecated": false,
                "description": "",
                "fromversion": "6.5.0",
                "id": "incident_gatewatcherrfbclientprotocolversion",
                "name": "Gatewatcher AionIQ RFB client protocol versions",
                "toversion": "",
                "type": "shortText"
            },
            {
                "deprecated": false,
                "description": "",
                "fromversion": "6.5.0",
                "id": "incident_gatewatcherrfbserverprotocolversion",
                "name": "Gatewatcher AionIQ RFB server protocol versions",
                "toversion": "",
                "type": "shortText"
            },
            {
                "deprecated": false,
                "description": "",
                "fromversion": "6.5.0",
                "id": "incident_gatewatcherdcerpccallid",
                "name": "Gatewatcher AionIQ DCE RPC call number",
                "toversion": "",
                "type": "number"
            },
            {
                "deprecated": false,
                "description": "",
                "fromversion": "6.5.0",
                "id": "incident_gatewatchertlsja3",
                "name": "Gatewatcher AionIQ TLS JA3 fingerprint",
                "toversion": "",
                "type": "shortText"
            },
            {
                "deprecated": false,
                "description": "",
                "fromversion": "6.5.0",
                "id": "incident_gatewatcherikev2errors",
                "name": "Gatewatcher AionIQ IKEV2 number of errors",
                "toversion": "",
                "type": "number"
            },
            {
                "deprecated": false,
                "description": "",
                "fromversion": "6.5.0",
                "id": "incident_gatewatchernbagid",
                "name": "Gatewatcher AionIQ Network Behavior Analytics group id",
                "toversion": "",
                "type": "number"
            },
            {
                "deprecated": false,
                "description": "",
                "fromversion": "6.5.0",
                "id": "incident_gatewatcheriocttp",
                "name": "Gatewatcher AionIQ Active CTI ioc tactics techniques and procedures",
                "toversion": "",
                "type": "multiSelect"
            },
            {
                "deprecated": false,
                "description": "",
                "fromversion": "6.5.0",
                "id": "incident_gatewatcherhttp2url",
                "name": "Gatewatcher AionIQ HTTP2 URL",
                "toversion": "",
                "type": "url"
            },
            {
                "deprecated": false,
                "description": "",
                "fromversion": "6.5.0",
                "id": "incident_gatewatcherioctargetedplatforms",
                "name": "Gatewatcher AionIQ Active CTI ioc targeted platforms",
                "toversion": "",
                "type": "multiSelect"
            },
            {
                "deprecated": false,
                "description": "",
                "fromversion": "6.5.0",
                "id": "incident_gatewatcherhttplastmodified",
                "name": "Gatewatcher AionIQ HTTP last modified",
                "toversion": "",
                "type": "date"
            },
            {
                "deprecated": false,
                "description": "",
                "fromversion": "6.5.0",
                "id": "incident_gatewatcherdhcpclientip",
                "name": "Gatewatcher AionIQ DHCP client IP",
                "toversion": "",
                "type": "shortText"
            },
            {
                "deprecated": false,
                "description": "",
                "fromversion": "6.5.0",
                "id": "incident_gatewatcherransomwaremaliciousbehaviorconfidence",
                "name": "Gatewatcher AionIQ Ransomware Detect malicious confidence percentage",
                "toversion": "",
                "type": "number"
            },
            {
                "deprecated": false,
                "description": "",
                "fromversion": "6.5.0",
                "id": "incident_gatewatcherdnsresponsecode",
                "name": "Gatewatcher AionIQ DNS response type",
                "toversion": "",
                "type": "shortText"
            },
            {
                "deprecated": false,
                "description": "",
                "fromversion": "6.5.0",
                "id": "incident_gatewatchersshclient",
                "name": "Gatewatcher AionIQ SSH client details",
                "toversion": "",
                "type": "shortText"
            },
            {
                "deprecated": false,
                "description": "",
                "fromversion": "6.5.0",
                "id": "incident_gatewatcherftpreplytruncated",
                "name": "Gatewatcher AionIQ FTP reply truncated",
                "toversion": "",
                "type": "boolean"
            },
            {
                "deprecated": false,
                "description": "",
                "fromversion": "6.5.0",
                "id": "incident_gatewatcherransomwaresessionscore",
                "name": "Gatewatcher AionIQ Ransomware Detect session score",
                "toversion": "",
                "type": "number"
            },
            {
                "deprecated": false,
                "description": "",
                "fromversion": "6.5.0",
                "id": "incident_gatewatcherhttprequestmimetype",
                "name": "Gatewatcher AionIQ HTTP request MIME type",
                "toversion": "",
                "type": "shortText"
            },
            {
                "deprecated": false,
                "description": "",
                "fromversion": "6.5.0",
                "id": "incident_gatewatcherhttphttp2",
                "name": "Gatewatcher AionIQ HTTP HTTP2 details",
                "toversion": "",
                "type": "shortText"
            },
            {
                "deprecated": false,
                "description": "",
                "fromversion": "6.5.0",
                "id": "incident_gatewatchermaliciouspowershellprobaobfuscated",
                "name": "Gatewatcher AionIQ Malicious Powershell Detect probability of obfuscation",
                "toversion": "",
                "type": "number"
            },
            {
                "deprecated": false,
                "description": "",
                "fromversion": "6.5.0",
                "id": "incident_gatewatcheriocmetadata",
                "name": "Gatewatcher AionIQ Active CTI ioc metadata",
                "toversion": "",
                "type": "shortText"
            },
            {
                "deprecated": false,
                "description": "",
                "fromversion": "6.5.0",
                "id": "incident_gatewatchermalcorestate",
                "name": "Gatewatcher AionIQ Malcore analysis result",
                "toversion": "",
                "type": "shortText"
            },
            {
                "deprecated": false,
                "description": "",
                "fromversion": "6.5.0",
                "id": "incident_gatewatcheriocpackagedate",
                "name": "Gatewatcher AionIQ Active CTI ioc package date",
                "toversion": "",
                "type": "date"
            },
            {
                "deprecated": false,
                "description": "",
                "fromversion": "6.5.0",
                "id": "incident_gatewatcherdhcpnextserverip",
                "name": "Gatewatcher AionIQ DHCP next server IP",
                "toversion": "",
                "type": "shortText"
            },
            {
                "deprecated": false,
                "description": "",
                "fromversion": "6.5.0",
                "id": "incident_gatewatchergcenterwebui",
                "name": "Gatewatcher AionIQ GCenter WebUI link",
                "toversion": "",
                "type": "url"
            },
            {
                "deprecated": false,
                "description": "",
                "fromversion": "6.5.0",
                "id": "incident_gatewatcherhttphttprefer",
                "name": "Gatewatcher AionIQ HTTP HTTP referer",
                "toversion": "",
                "type": "url"
            },
            {
                "deprecated": false,
                "description": "",
                "fromversion": "6.5.0",
                "id": "incident_gatewatcherbeacontype",
                "name": "Gatewatcher AionIQ Beacon Detect type",
                "toversion": "",
                "type": "shortText"
            },
            {
                "deprecated": false,
                "description": "",
                "fromversion": "6.5.0",
                "id": "incident_gatewatcherhttpversion",
                "name": "Gatewatcher AionIQ HTTP protocol",
                "toversion": "",
                "type": "shortText"
            },
            {
                "deprecated": false,
                "description": "",
                "fromversion": "6.5.0",
                "id": "incident_gatewatchertlssni",
                "name": "Gatewatcher AionIQ TLS SNI",
                "toversion": "",
                "type": "shortText"
            },
            {
                "deprecated": false,
                "description": "",
                "fromversion": "6.5.0",
                "id": "incident_gatewatcherdnp3type",
                "name": "Gatewatcher AionIQ DNP3 request type",
                "toversion": "",
                "type": "shortText"
            },
            {
                "deprecated": false,
                "description": "",
                "fromversion": "6.5.0",
                "id": "incident_gatewatcheriocvalue",
                "name": "Gatewatcher AionIQ Active CTI ioc value",
                "toversion": "",
                "type": "shortText"
            },
            {
                "deprecated": false,
                "description": "",
                "fromversion": "6.5.0",
                "id": "incident_gatewatcherransomwarealertthreshold",
                "name": "Gatewatcher AionIQ Ransomware Detect alert threshold",
                "toversion": "",
                "type": "number"
            },
            {
                "deprecated": false,
                "description": "",
                "fromversion": "6.5.0",
                "id": "incident_gatewatchernbacategory",
                "name": "Gatewatcher AionIQ Network Behavior Analytics category",
                "toversion": "",
                "type": "shortText"
            },
            {
                "deprecated": false,
                "description": "",
                "fromversion": "6.5.0",
                "id": "incident_gatewatcherikev2versionmajor",
                "name": "Gatewatcher AionIQ IKEV2 version major",
                "toversion": "",
                "type": "number"
            },
            {
                "deprecated": false,
                "description": "",
                "fromversion": "6.5.0",
                "id": "incident_gatewatchernfsprocedure",
                "name": "Gatewatcher AionIQ NFS procedure",
                "toversion": "",
                "type": "shortText"
            },
            {
                "deprecated": false,
                "description": "",
                "fromversion": "6.5.0",
                "id": "incident_gatewatcherikev2messageid",
                "name": "Gatewatcher AionIQ IKEV2 message id",
                "toversion": "",
                "type": "number"
            },
            {
                "deprecated": false,
                "description": "",
                "fromversion": "6.5.0",
                "id": "incident_gatewatcherdhcprouters",
                "name": "Gatewatcher AionIQ DHCP routers",
                "toversion": "",
                "type": "multiSelect"
            },
            {
                "deprecated": false,
                "description": "",
                "fromversion": "6.5.0",
                "id": "incident_gatewatchertlsclient",
                "name": "Gatewatcher AionIQ TLS client details",
                "toversion": "",
                "type": "shortText"
            },
            {
                "deprecated": false,
                "description": "",
                "fromversion": "6.5.0",
                "id": "incident_gatewatcherhttp2httpmethod",
                "name": "Gatewatcher AionIQ HTTP2 request method",
                "toversion": "",
                "type": "shortText"
            },
            {
                "deprecated": false,
                "description": "",
                "fromversion": "6.5.0",
                "id": "incident_gatewatchernfsversion",
                "name": "Gatewatcher AionIQ NFS version",
                "toversion": "",
                "type": "number"
            },
            {
                "deprecated": false,
                "description": "",
                "fromversion": "6.5.0",
                "id": "incident_gatewatcherdcerpcrpcversion",
                "name": "Gatewatcher AionIQ DCE RPC rpc version",
                "toversion": "",
                "type": "shortText"
            },
            {
                "deprecated": false,
                "description": "",
                "fromversion": "6.5.0",
                "id": "incident_gatewatcherhttpaccept",
                "name": "Gatewatcher AionIQ HTTP accept request header",
                "toversion": "",
                "type": "shortText"
            },
            {
                "deprecated": false,
                "description": "",
                "fromversion": "6.5.0",
                "id": "incident_gatewatcherikev2esn",
                "name": "Gatewatcher AionIQ IKEV2 algorithm Extended Sequence Numbers",
                "toversion": "",
                "type": "shortText"
            },
            {
                "deprecated": false,
                "description": "",
                "fromversion": "6.5.0",
                "id": "incident_gatewatcherrdpchannels",
                "name": "Gatewatcher AionIQ RDP channels",
                "toversion": "",
                "type": "multiSelect"
            },
            {
                "deprecated": false,
                "description": "",
                "fromversion": "6.5.0",
                "id": "incident_gatewatchersmbstatuscode",
                "name": "Gatewatcher AionIQ SMB exchange status code",
                "toversion": "",
                "type": "shortText"
            },
            {
                "deprecated": false,
                "description": "",
                "fromversion": "6.5.0",
                "id": "incident_gatewatcherikev2exchangetype",
                "name": "Gatewatcher AionIQ IKEV2 exchange type number",
                "toversion": "",
                "type": "number"
            },
            {
                "deprecated": false,
                "description": "",
                "fromversion": "6.5.0",
                "id": "incident_gatewatchersnmpcomm",
                "name": "Gatewatcher AionIQ SNMP commnunity",
                "toversion": "",
                "type": "shortText"
            },
            {
                "deprecated": false,
                "description": "",
                "fromversion": "6.5.0",
                "id": "incident_gatewatcherhttphostname",
                "name": "Gatewatcher AionIQ HTTP hostname",
                "toversion": "",
                "type": "shortText"
            },
            {
                "deprecated": false,
                "description": "",
                "fromversion": "6.5.0",
                "id": "incident_gatewatcherdhcpleasetime",
                "name": "Gatewatcher AionIQ DHCP lease time",
                "toversion": "",
                "type": "number"
            },
            {
                "deprecated": false,
                "description": "",
                "fromversion": "6.5.0",
                "id": "incident_gatewatchersmbfilename",
                "name": "Gatewatcher AionIQ SMB filename",
                "toversion": "",
                "type": "shortText"
            },
            {
                "deprecated": false,
                "description": "",
                "fromversion": "6.5.0",
                "id": "incident_gatewatcherbeaconid",
                "name": "Gatewatcher AionIQ Beacon Detect identifier",
                "toversion": "",
                "type": "shortText"
            },
            {
                "deprecated": false,
                "description": "",
                "fromversion": "6.5.0",
                "id": "incident_gatewatcherftpreplyreceived",
                "name": "Gatewatcher AionIQ FTP reply received",
                "toversion": "",
                "type": "shortText"
            },
            {
                "deprecated": false,
                "description": "",
                "fromversion": "6.5.0",
                "id": "incident_gatewatcherftpcommand",
                "name": "Gatewatcher AionIQ FTP command",
                "toversion": "",
                "type": "shortText"
            },
            {
                "deprecated": false,
                "description": "",
                "fromversion": "6.5.0",
                "id": "incident_gatewatcherdhcpdnsservers",
                "name": "Gatewatcher AionIQ DHCP DNS servers",
                "toversion": "",
                "type": "multiSelect"
            },
            {
                "deprecated": false,
                "description": "",
                "fromversion": "6.5.0",
                "id": "incident_gatewatcherbeaconactive",
                "name": "Gatewatcher AionIQ Beacon Detect active beacon",
                "toversion": "",
                "type": "boolean"
            },
            {
                "deprecated": false,
                "description": "",
                "fromversion": "6.5.0",
                "id": "incident_gatewatcherfilename",
                "name": "Gatewatcher AionIQ file filename",
                "toversion": "",
                "type": "shortText"
            },
            {
                "deprecated": false,
                "description": "",
                "fromversion": "6.5.0",
                "id": "incident_gatewatcherhttp2responseheaders",
                "name": "Gatewatcher AionIQ HTTP2 response headers",
                "toversion": "",
                "type": "multiSelect"
            },
            {
                "deprecated": false,
                "description": "",
                "fromversion": "6.5.0",
                "id": "incident_gatewatcherdcerpcres",
                "name": "Gatewatcher AionIQ DCE RPC response details",
                "toversion": "",
                "type": "shortText"
            },
            {
                "deprecated": false,
                "description": "",
                "fromversion": "6.5.0",
                "id": "incident_gatewatcherdhcpdhcptype",
                "name": "Gatewatcher AionIQ DHCP type",
                "toversion": "",
                "type": "shortText"
            },
            {
                "deprecated": false,
                "description": "",
                "fromversion": "6.5.0",
                "id": "incident_gatewatchermalcoreengineslastupdatedate",
                "name": "Gatewatcher AionIQ Malcore engines last update",
                "toversion": "",
                "type": "date"
            },
            {
                "deprecated": false,
                "description": "",
                "fromversion": "6.5.0",
                "id": "incident_gatewatchergcenter",
                "name": "Gatewatcher AionIQ GCenter",
                "toversion": "",
                "type": "shortText"
            },
            {
                "deprecated": false,
                "description": "",
                "fromversion": "6.5.0",
                "id": "incident_gatewatcherioccreationdate",
                "name": "Gatewatcher AionIQ Active CTI ioc creation date",
                "toversion": "",
                "type": "date"
            },
            {
                "deprecated": false,
                "description": "",
                "fromversion": "6.5.0",
                "id": "incident_gatewatcherfilehash",
                "name": "Gatewatcher AionIQ file hashes",
                "toversion": "",
                "type": "shortText"
            },
            {
                "deprecated": false,
                "description": "",
                "fromversion": "6.5.0",
                "id": "incident_gatewatcherdcerpcresponse",
                "name": "Gatewatcher AionIQ DCE RPC response type",
                "toversion": "",
                "type": "shortText"
            },
            {
                "deprecated": false,
                "description": "",
                "fromversion": "6.5.0",
                "id": "incident_gatewatchernfsfilename",
                "name": "Gatewatcher AionIQ NFS filename",
                "toversion": "",
                "type": "shortText"
            }
        ],
        "incidenttype": [
            {
                "closureScript": "",
                "days": 0,
                "deprecated": false,
                "description": "",
                "fromversion": "6.5.0",
                "hours": 0,
                "id": "Gatewatcher Alert Incident",
                "name": "Gatewatcher Alert Incident",
                "playbook": "",
                "toversion": "",
                "weeks": 0
            },
            {
                "closureScript": "",
                "days": 0,
                "deprecated": false,
                "description": "",
                "fromversion": "6.5.0",
                "hours": 0,
                "id": "Gatewatcher Incident",
                "name": "Gatewatcher Incident",
                "playbook": "",
                "toversion": "",
                "weeks": 0
            }
        ],
        "integration": [
            {
                "category": "Network Security",
                "commands": [
                    {
                        "deprecated": false,
                        "description": "List all alerts.",
                        "name": "gcenter103-alerts-list",
                        "source_repo": "content"
                    },
                    {
                        "deprecated": false,
                        "description": "Get an alert with its UUID (corresponds to event.id field) or the GCenter ID of the alert.",
                        "name": "gcenter103-alerts-get",
                        "source_repo": "content"
                    },
                    {
                        "deprecated": false,
                        "description": "Add or update a note to an alert.",
                        "name": "gcenter103-alerts-note-add",
                        "source_repo": "content"
                    },
                    {
                        "deprecated": false,
                        "description": "Delete the note of an alert.",
                        "name": "gcenter103-alerts-note-remove",
                        "source_repo": "content"
                    },
                    {
                        "deprecated": false,
                        "description": "Get the tags of an alert.",
                        "name": "gcenter103-alerts-tags-get",
                        "source_repo": "content"
                    },
                    {
                        "deprecated": false,
                        "description": "Add or update tags of an alert.",
                        "name": "gcenter103-alerts-tags-add",
                        "source_repo": "content"
                    },
                    {
                        "deprecated": false,
                        "description": "Remove tags from an alert.",
                        "name": "gcenter103-alerts-tags-remove",
                        "source_repo": "content"
                    },
                    {
                        "deprecated": false,
                        "description": "Update status of an alert.",
                        "name": "gcenter103-alerts-status-update",
                        "source_repo": "content"
                    },
                    {
                        "deprecated": false,
                        "description": "Get a raw alert with its UUID.",
                        "name": "gcenter103-raw-alerts-get",
                        "source_repo": "content"
                    },
                    {
                        "deprecated": false,
                        "description": "Get a file attached to an alert with its UUID.",
                        "name": "gcenter103-raw-alerts-file-get",
                        "source_repo": "content"
                    },
                    {
                        "deprecated": false,
                        "description": "Scan a file on a selected engine. You must upload the file to scan before execution.",
                        "name": "gcenter103-file-scan",
                        "source_repo": "content"
                    },
                    {
                        "deprecated": false,
                        "description": "Retrieve previous scan by its ID.",
                        "name": "gcenter103-file-scan-result-get",
                        "source_repo": "content"
                    },
                    {
                        "deprecated": false,
                        "description": "List all assets.",
                        "name": "gcenter103-assets-list",
                        "source_repo": "content"
                    },
                    {
                        "deprecated": false,
                        "description": "Retrieve alerts of a given asset.",
                        "name": "gcenter103-assets-alerts-get",
                        "source_repo": "content"
                    },
                    {
                        "deprecated": false,
                        "description": "Retrieve specific asset data.",
                        "name": "gcenter103-assets-get",
                        "source_repo": "content"
                    },
                    {
                        "deprecated": false,
                        "description": "Add or update a note to an asset.",
                        "name": "gcenter103-assets-note-add",
                        "source_repo": "content"
                    },
                    {
                        "deprecated": false,
                        "description": "Remove a note from an asset.",
                        "name": "gcenter103-assets-note-remove",
                        "source_repo": "content"
                    },
                    {
                        "deprecated": false,
                        "description": "Get the tags of an asset.",
                        "name": "gcenter103-assets-tags-get",
                        "source_repo": "content"
                    },
                    {
                        "deprecated": false,
                        "description": "Add or update the tags of an asset.",
                        "name": "gcenter103-assets-tags-add",
                        "source_repo": "content"
                    },
                    {
                        "deprecated": false,
                        "description": "Remove tags of an asset.",
                        "name": "gcenter103-assets-tags-remove",
                        "source_repo": "content"
                    },
                    {
                        "deprecated": false,
                        "description": "Retrieves a list of Kerberos users.",
                        "name": "gcenter103-users-list",
                        "source_repo": "content"
                    },
                    {
                        "deprecated": false,
                        "description": "Retrieves a list of the alerts of a Kerberos user.",
                        "name": "gcenter103-users-alerts-get",
                        "source_repo": "content"
                    },
                    {
                        "deprecated": false,
                        "description": "Retrieves Kerberos user data.",
                        "name": "gcenter103-users-get",
                        "source_repo": "content"
                    },
                    {
                        "deprecated": false,
                        "description": "Add or update the note of a Kerberos user.",
                        "name": "gcenter103-users-note-add",
                        "source_repo": "content"
                    },
                    {
                        "deprecated": false,
                        "description": "Remove the note of a Kerberos user.",
                        "name": "gcenter103-users-note-remove",
                        "source_repo": "content"
                    },
                    {
                        "deprecated": false,
                        "description": "Get the tags of a Kerberos user.",
                        "name": "gcenter103-users-tags-get",
                        "source_repo": "content"
                    },
                    {
                        "deprecated": false,
                        "description": "Add or update the tags of a Kerberos user.",
                        "name": "gcenter103-users-tags-add",
                        "source_repo": "content"
                    },
                    {
                        "deprecated": false,
                        "description": "Remove tags of a Kerberos user.",
                        "name": "gcenter103-users-tags-remove",
                        "source_repo": "content"
                    },
                    {
                        "deprecated": false,
                        "description": "Get YARA settings.",
                        "name": "gcenter103-yara-rules-get",
                        "source_repo": "content"
                    },
                    {
                        "deprecated": false,
                        "description": "Add YARA rules to Malcore. You must upload the YARA file before execution.",
                        "name": "gcenter103-yara-rules-add",
                        "source_repo": "content"
                    },
                    {
                        "deprecated": false,
                        "description": "Get fingerprints of the white or black list of Malcore.",
                        "name": "gcenter103-malcore-fingerprints-get",
                        "source_repo": "content"
                    },
                    {
                        "deprecated": false,
                        "description": "Add fingerprints to white or black list to Malcore.",
                        "name": "gcenter103-malcore-fingerprints-add",
                        "source_repo": "content"
                    },
                    {
                        "deprecated": false,
                        "description": "Remove fingerprints to white or black list to Malcore.",
                        "name": "gcenter103-malcore-fingerprints-remove",
                        "source_repo": "content"
                    }
                ],
                "deprecated": false,
                "description": "This integration fetch events generated by the GCenter appliance.",
                "fromversion": "6.5.0",
                "id": "GCenter 103",
                "isfetch": true,
                "isfetchassets": false,
                "isfetchevents": false,
                "name": "GCenter 103 (Partner Contribution)",
                "toversion": ""
            },
            {
                "category": "Network Security",
                "commands": [
                    {
                        "deprecated": true,
                        "description": "List all alerts (Deprecated. use gw-es-wrapper command instead).",
                        "name": "gw-list-alerts",
                        "source_repo": "content"
                    },
                    {
                        "deprecated": false,
                        "description": "Get an alert by it's uid.",
                        "name": "gw-get-alert",
                        "source_repo": "content"
                    },
                    {
                        "deprecated": false,
                        "description": "Get Elasticsearch data.",
                        "name": "gw-es-query",
                        "source_repo": "content"
                    },
                    {
                        "deprecated": false,
                        "description": "Add malcore whitelist/blacklist entry.",
                        "name": "gw-add-malcore-list-entry",
                        "source_repo": "content"
                    },
                    {
                        "deprecated": false,
                        "description": "Delete malcore whitelist/blacklist entry.",
                        "name": "gw-del-malcore-list-entry",
                        "source_repo": "content"
                    },
                    {
                        "deprecated": false,
                        "description": "Add dga whitelist/blacklist entry.",
                        "name": "gw-add-dga-list-entry",
                        "source_repo": "content"
                    },
                    {
                        "deprecated": false,
                        "description": "Delete dga whitelist/blacklist entry.",
                        "name": "gw-del-dga-list-entry",
                        "source_repo": "content"
                    },
                    {
                        "deprecated": false,
                        "description": "Ignore asset name.",
                        "name": "gw-add-ignore-asset-name",
                        "source_repo": "content"
                    },
                    {
                        "deprecated": false,
                        "description": "Ignore kuser IP.",
                        "name": "gw-add-ignore-kuser-ip",
                        "source_repo": "content"
                    },
                    {
                        "deprecated": false,
                        "description": "Ignore kuser name.",
                        "name": "gw-add-ignore-kuser-name",
                        "source_repo": "content"
                    },
                    {
                        "deprecated": false,
                        "description": "Ignore mac address.",
                        "name": "gw-add-ignore-mac-address",
                        "source_repo": "content"
                    },
                    {
                        "deprecated": false,
                        "description": "Delete an ignore asset ID.",
                        "name": "gw-del-ignore-asset-name",
                        "source_repo": "content"
                    },
                    {
                        "deprecated": false,
                        "description": "Delete an ignore kuser IP ID.",
                        "name": "gw-del-ignore-kuser-ip",
                        "source_repo": "content"
                    },
                    {
                        "deprecated": false,
                        "description": "Delete an ignore kuser name ID.",
                        "name": "gw-del-ignore-kuser-name",
                        "source_repo": "content"
                    },
                    {
                        "deprecated": false,
                        "description": "Delete an ignore mac address ID.",
                        "name": "gw-del-ignore-mac-address",
                        "source_repo": "content"
                    },
                    {
                        "deprecated": false,
                        "description": "Send malware.",
                        "name": "gw-send-malware",
                        "source_repo": "content"
                    },
                    {
                        "deprecated": false,
                        "description": "Send powershell.",
                        "name": "gw-send-powershell",
                        "source_repo": "content"
                    },
                    {
                        "deprecated": false,
                        "description": "Send shellcode.",
                        "name": "gw-send-shellcode",
                        "source_repo": "content"
                    },
                    {
                        "deprecated": false,
                        "description": "Get Elasticsearch data using a wrapper.",
                        "name": "gw-es-wrapper",
                        "source_repo": "content"
                    },
                    {
                        "deprecated": false,
                        "description": "Get the malcore whitelist/blacklist.",
                        "name": "gw-get-malcore-list-entry",
                        "source_repo": "content"
                    },
                    {
                        "deprecated": false,
                        "description": "Get the dga whitelist/blacklist.",
                        "name": "gw-get-dga-list-entry",
                        "source_repo": "content"
                    },
                    {
                        "deprecated": false,
                        "description": "Get all the ignored asset names.",
                        "name": "gw-get-ignore-asset-name",
                        "source_repo": "content"
                    },
                    {
                        "deprecated": false,
                        "description": "Get all the ignored kuser IP.",
                        "name": "gw-get-ignore-kuser-ip",
                        "source_repo": "content"
                    },
                    {
                        "deprecated": false,
                        "description": "Get all the ignored kuser name.",
                        "name": "gw-get-ignore-kuser-name",
                        "source_repo": "content"
                    },
                    {
                        "deprecated": false,
                        "description": "Get all the ignored mac addresses.",
                        "name": "gw-get-ignore-mac-address",
                        "source_repo": "content"
                    },
                    {
                        "deprecated": false,
                        "description": "Get a file from an uuid.\nIf there is no uuid, get all the files infected from a time interval.",
                        "name": "gw-get-file-infected",
                        "source_repo": "content"
                    }
                ],
                "deprecated": false,
                "description": "This integration allows, via about twenty commands, to interact with the GCenter appliance via its API.",
                "fromversion": "6.2.0",
                "id": "GCenter",
                "isfetch": false,
                "isfetchassets": false,
                "isfetchevents": false,
                "name": "GCenter (Partner Contribution)",
                "toversion": ""
            }
        ],
        "layoutscontainer": [
            {
                "deprecated": false,
                "description": "",
                "fromversion": "6.5.0",
                "group": "incident",
                "id": "Gatewatcher Incident Layout",
                "name": "Gatewatcher Incident Layout",
                "toversion": ""
            },
            {
                "deprecated": false,
                "description": "",
                "fromversion": "6.5.0",
                "group": "incident",
                "id": "Gatewatcher Alert Incident Layout",
                "name": "Gatewatcher Alert Incident Layout",
                "toversion": ""
            }
        ],
        "playbook": [
            {
                "deprecated": false,
                "description": "This playbook fetch a malcore alert from a GCenter, retrieve the associated suspicious file and checks the SHA256 reputation using VirusTotal integration.",
                "fromversion": "6.5.0",
                "id": "Malcore alert related file",
                "name": "Malcore alert related file",
                "toversion": ""
            }
        ]
    },
    "contributors": [
        "FabienMht",
        "CesarGW",
        "ThibaultReboul",
        "clement-lyonnet"
    ],
    "created": "2025-03-06T09:58:25Z",
    "currentVersion": "1.3.0",
    "defaultDataSource": null,
    "dependencies": {},
    "deprecated": false,
    "description": "This pack provide integration with Gatewatcher NDR solution : AIonIQ",
    "display_name": "Gatewatcher AionIQ",
    "downloads": 0,
    "eulaLink": "https://github.com/demisto/content/blob/master/LICENSE",
    "excludedDependencies": [],
    "git_sha": null,
    "git_status": null,
    "hidden": false,
    "hybrid": false,
    "id": "Gatewatcher-AionIQ",
    "integrations": [],
    "keywords": [],
    "legacy": true,
    "marketplaces": [
        "marketplacev2",
        "xsoar",
        "xsoar_saas"
    ],
    "modules": [],
    "name": "Gatewatcher AionIQ",
    "old_base_content_object": null,
    "price": 0,
    "searchRank": 0,
    "serverMinVersion": "6.0.0",
    "source_repo": "",
    "support": "partner",
    "supportDetails": {
        "email": "integration@gatewatcher.com",
        "url": "https://www.gatewatcher.com/"
    },
    "tags": [
        "New"
    ],
    "updated": "2025-03-06T09:58:25Z",
    "useCases": [],
    "versionInfo": "",
    "videos": []
}